image_1,image_2,hamming_distance
img_5095.jpg,img_5098.jpg,4
img_8083.png,img_9974.png,2
img_2376.jpg,img_3252.jpg,4
img_9734.png,img_10259.png,4
img_7412.png,img_7439.png,4
img_6479.png,img_9572.png,4
img_5970.png,img_5977.png,4
img_1654.jpg,img_1872.jpg,4
img_8099.png,img_9985.png,2
img_8262.png,img_8285.png,4
img_8262.png,img_10021.png,4
img_7883.png,img_9922.png,2
img_7050.png,img_7070.png,4
img_8053.png,img_8070.png,4
img_8070.png,img_9971.png,4
img_8070.png,img_9972.png,4
img_5402.jpg,img_9472.png,4
img_5402.jpg,img_9473.png,4
img_6882.png,img_9689.png,2
img_7452.png,img_7478.png,4
img_3032.jpg,img_3036.jpg,2
img_1397.jpg,img_1956.jpg,4
img_5741.png,img_5747.png,4
img_8714.png,img_8718.png,4
img_6514.png,img_6518.png,4
img_1788.jpg,img_1789.jpg,4
img_1834.jpg,img_1835.jpg,2
img_1963.jpg,img_5253.jpg,4
img_8973.png,img_9007.png,4
img_8685.png,img_8812.png,4
img_8774.png,img_8804.png,4
img_2351.jpg,img_2352.jpg,4
img_9370.png,img_9380.png,2
img_5730.png,img_9629.png,2
img_7054.png,img_9720.png,2
img_3547.jpg,img_3562.jpg,2
img_9557.png,img_10343.png,2
img_9414.png,img_10314.png,4
img_8071.png,img_9970.png,4
img_8087.png,img_9970.png,2
img_7884.png,img_9924.png,2
img_7487.png,img_9822.png,4
img_8710.png,img_8724.png,2
img_6043.png,img_8975.png,2
img_7057.png,img_9723.png,2
img_6664.png,img_9624.png,4
img_8264.png,img_8287.png,2
img_6082.png,img_8095.png,2
img_6082.png,img_8110.png,2
img_8095.png,img_8110.png,4
img_6132.png,img_8298.png,4
img_6152.png,img_10055.png,2
img_6202.png,img_8569.png,2
img_7058.png,img_7064.png,4
img_6252.png,img_10152.png,2
img_6302.png,img_10206.png,2
img_6334.png,img_9116.png,4
img_6392.png,img_9348.png,2
img_6412.png,img_9410.png,2
img_6720.png,img_9636.png,4
img_9221.png,img_10260.png,2
img_6916.png,img_6925.png,4
img_6752.png,img_6753.png,2
img_9530.png,img_9541.png,4
img_7055.png,img_9721.png,2
img_7099.png,img_7102.png,4
img_7849.png,img_9923.png,2
img_7855.png,img_9926.png,2
img_7861.png,img_9918.png,2
img_8093.png,img_9981.png,2
img_8098.png,img_8127.png,2
img_8098.png,img_9984.png,4
img_8129.png,img_8137.png,2
img_9921.png,img_9925.png,2
img_8250.png,img_8277.png,2
img_8255.png,img_8270.png,4
img_8255.png,img_10024.png,2
img_8270.png,img_10024.png,4
img_8258.png,img_10026.png,2
img_8286.png,img_10023.png,2
img_8293.png,img_8323.png,2
img_8294.png,img_8296.png,4
img_8294.png,img_8324.png,4
img_8299.png,img_8300.png,4
img_8299.png,img_8327.png,4
img_8303.png,img_8310.png,4
img_8369.png,img_8370.png,2
img_8374.png,img_8383.png,4
img_8383.png,img_8402.png,4
img_8379.png,img_8406.png,4
img_8579.png,img_8590.png,2
img_8582.png,img_10098.png,4
img_8584.png,img_10103.png,2
img_8597.png,img_10104.png,2
img_8605.png,img_10102.png,2
img_8690.png,img_8695.png,4
img_8691.png,img_8694.png,2
img_8694.png,img_8697.png,2
img_8700.png,img_10131.png,2
img_8701.png,img_10136.png,2
img_8704.png,img_8720.png,2
img_8711.png,img_8723.png,2
img_8725.png,img_10133.png,2
img_8775.png,img_8776.png,4
img_8781.png,img_10150.png,2
img_8783.png,img_10153.png,2
img_8791.png,img_8797.png,2
img_8802.png,img_8807.png,4
img_9209.png,img_9231.png,2
img_9409.png,img_9424.png,4
img_9416.png,img_9419.png,2
img_9416.png,img_9444.png,2
img_9419.png,img_9444.png,4
img_9421.png,img_9445.png,2
img_9422.png,img_9440.png,4
